{"maxs": {"SBO415207": 0.036000000000000004, "RHI425214": 0.028999999999999998, "VET605213": 0.10875379216728363, "per_dem": 0.53668737187040005, "AGE135214": 0.073000000000000009, "EDU635213": 0.92099999999999993, "HSD310213": 2.8100000000000001, "POP645213": 0.106, "RHI625214": 0.02990000000000009, "per_gop": 0.80906986895869992, "SBO001207": 0.11825835623955293, "EDU685213": 0.31699999999999995, "PST120214": 0.052999999999999999, "POP715213": 0.91299999999999992, "total_votes": 91777.200000000012, "NES010213": 0.090925965053214861, "HSG096213": 0.24190000000000009, "SBO315207": 0.075999999999999998, "POP060210": 382.28000000000003, "POP815213": 0.21490000000000009, "INC910213": 30039.900000000001, "BZA010213": 0.032984749498306071, "BZA110213": 0.41921836386734279, "PVY020213": 0.252, "LFE305213": 30.100000000000001, "AGE775214": 0.23600000000000002, "HSG495213": 213190.0, "RHI825214": 0.95700000000000007, "AFN120207": 2.1538029859759162, "RHI225214": 0.30390000000000011, "MAN450207": 30.350797409498877, "RTN131207": 16175.300000000003, "BZA115213": 0.057999999999999996, "INC110213": 59491.0, "BPS030214": 0.0050516460915243765, "RHI725214": 0.22990000000000008, "SBO015207": 0.309, "AGE295214": 0.26400000000000001, "WTN220207": 15.861722189847168, "HSG445213": 0.80700000000000005, "SEX255214": 0.51700000000000002, "HSG010214": 0.59899891026424823}, "mins": {"SBO415207": 0.0, "RHI425214": 0.0030000000000000001, "VET605213": 0.055658165876604437, "per_dem": 0.15024737164829999, "AGE135214": 0.044999999999999998, "EDU635213": 0.75099999999999989, "HSD310213": 2.2599999999999998, "POP645213": 0.0069999999999999993, "RHI625214": 0.0090000000000000011, "per_gop": 0.41376037773660002, "SBO001207": 0.054185690151914108, "EDU685213": 0.111, "PST120214": -0.035000000000000003, "POP715213": 0.81000000000000005, "total_votes": 2229.1000000000004, "NES010213": 0.04889840727195633, "HSG096213": 0.040000000000000001, "SBO315207": 0.0, "POP060210": 4.4000000000000004, "POP815213": 0.018000000000000002, "INC910213": 17717.799999999999, "BZA010213": 0.013683597920561306, "BZA110213": 0.12775441573060575, "PVY020213": 0.090999999999999998, "LFE305213": 16.5, "AGE775214": 0.12300000000000001, "HSG495213": 70000.0, "RHI825214": 0.47499999999999998, "AFN120207": 0.13509261381188473, "RHI225214": 0.0040000000000000001, "MAN450207": 0.0, "RTN131207": 4481.3000000000002, "BZA115213": -0.048000000000000001, "INC110213": 33298.300000000003, "BPS030214": 0.0, "RHI725214": 0.013000000000000001, "SBO015207": 0.0, "AGE295214": 0.187, "WTN220207": 0.0, "HSG445213": 0.624, "SEX255214": 0.47899999999999998, "HSG010214": 0.38888299518155839}, "names": {"SBO415207": "Hispanic-owned firms, percent, 2007", "RHI425214": "Asian alone, percent, 2014", "VET605213": "Veterans, 2009-2013", "per_dem": "Votes for Democrats", "AGE135214": "Persons under 5 years, percent, 2014", "EDU635213": "High school graduate or higher, percent of persons age 25+, 2009-2013", "HSD310213": "Persons per household, 2009-2013", "POP645213": "Foreign born persons, percent, 2009-2013", "RHI625214": "Two or More Races, percent, 2014", "per_gop": "Votes for GOP", "SBO001207": "Total number of firms, 2007", "EDU685213": "Bachelor's degree or higher, percent of persons age 25+, 2009-2013", "PST120214": "Population, percent change - April 1, 2010 to July 1, 2014", "POP715213": "Living in same house 1 year & over, percent, 2009-2013", "total_votes": "Total votes", "NES010213": "Nonemployer establishments, 2013", "HSG096213": "Housing units in multi-unit structures, percent, 2009-2013", "SBO315207": "Black-owned firms, percent, 2007", "POP060210": "Population per square mile, 2010", "POP815213": "Language other than English spoken at home, pct age 5+, 2009-2013", "INC910213": "Per capita money income in past 12 months (2013 dollars), 2009-2013", "BZA010213": "Private nonfarm establishments, 2013", "BZA110213": "Private nonfarm employment,  2013", "PVY020213": "Persons below poverty level, percent, 2009-2013", "LFE305213": "Mean travel time to work (minutes), workers age 16+, 2009-2013", "AGE775214": "Persons 65 years and over, percent, 2014", "HSG495213": "Median value of owner-occupied housing units, 2009-2013", "RHI825214": "White alone, not Hispanic or Latino, percent, 2014", "AFN120207": "Accommodation and food services sales, 2007 ($1,000)", "RHI225214": "Black or African American alone, percent, 2014", "MAN450207": "Manufacturers shipments, 2007 ($1,000)", "RTN131207": "Retail sales per capita, 2007", "BZA115213": "Private nonfarm employment, percent change, 2012-2013", "INC110213": "Median household income, 2009-2013", "BPS030214": "Building permits, 2014", "RHI725214": "Hispanic or Latino, percent, 2014", "SBO015207": "Women-owned firms, percent, 2007", "AGE295214": "Persons under 18 years, percent, 2014", "WTN220207": "Merchant wholesaler sales, 2007 ($1,000)", "HSG445213": "Homeownership rate, 2009-2013", "SEX255214": "Female persons, percent, 2014", "HSG010214": "Housing units, 2014"}}