{"states": {"maxs": {"SBO415207": 9.9800000000000004, "RHI425214": 8.2099999999999991, "SBO115207": 1.9100000000000001, "RHI125214": 92.780000000000001, "VET605213": 0.086260884326887444, "per_dem": 58.982681094840835, "AGE135214": 6.9100000000000001, "EDU635213": 91.420000000000002, "HSD310213": 2.714, "POP645213": 18.020000000000003, "RHI625214": 3.7300000000000004, "per_gop": 62.61168299162744, "RTN130207": 14.539324496017237, "SBO001207": 0.102434218800671, "EDU685213": 35.260000000000005, "PST120214": 5.3500000000000005, "POP715213": 86.920000000000002, "total_votes": 5433862.7000000011, "PST045214": 12796546.1, "HSD410213": 0.3948959494222114, "POP010210": 0.99624524581774831, "HSG096213": 34.560000000000002, "SBO315207": 12.370000000000005, "POP060210": 474.20000000000016, "POP815213": 29.359999999999999, "INC910213": 33.169899999999998, "SBO215207": 7.0900000000000016, "BZA010213": 0.030289657973874388, "BZA110213": 0.4190274904643092, "PVY020213": 18.620000000000001, "LFE305213": 27.73, "RHI525214": 0.52000000000000024, "AGE775214": 16.699999999999999, "NES010213": 0.082161411885668376, "LND110210": 0.061230303722356688, "PST040210": 0.9963169490140622, "HSG495213": 288.65000000000003, "RHI825214": 86.739999999999995, "AFN120207": 2.3689932073920685, "RHI225214": 26.810000000000002, "MAN450207": 27.032904386690319, "RTN131207": 15403.0, "BZA115213": 3.2999999999999998, "INC110213": 66.919600000000003, "BPS030214": 5.5363020806991843, "RHI725214": 24.470000000000006, "SBO015207": 30.41, "RHI325214": 5.5200000000000014, "AGE295214": 24.809999999999999, "WTN220207": 15.979184099889212, "HSG445213": 71.829999999999998, "SBO515207": 0.21000000000000013, "SEX255214": 51.5, "HSG010214": 0.46786510666026293}, "mins": {"SBO415207": 0.79000000000000004, "RHI425214": 1.2900000000000003, "SBO115207": 0.29999999999999999, "RHI125214": 66.550000000000011, "VET605213": 0.05676432922504681, "per_dem": 28.820600933035195, "AGE135214": 5.3900000000000006, "EDU635213": 83.089999999999989, "HSD310213": 2.4290000000000003, "POP645213": 3.25, "RHI625214": 1.6000000000000001, "per_gop": 37.258238057440437, "RTN130207": 11.269059118480259, "SBO001207": 0.075385266489444686, "EDU685213": 22.34, "PST120214": 0.39000000000000007, "POP715213": 81.97999999999999, "total_votes": 422947.20000000007, "PST045214": 927370.09999999998, "HSD410213": 0.34776768640451161, "POP010210": 0.94912401157035731, "HSG096213": 15.649999999999999, "SBO315207": 0.20000000000000001, "POP060210": 16.370000000000001, "POP815213": 5.2000000000000002, "INC910213": 23.658200000000001, "SBO215207": 0.79000000000000004, "BZA010213": 0.020305401846913585, "BZA110213": 0.32714130357899557, "PVY020213": 11.119999999999999, "LFE305213": 18.750000000000004, "RHI525214": 0.0, "AGE775214": 12.880000000000001, "NES010213": 0.060612034972220855, "LND110210": 0.0020367951503725834, "PST040210": 0.9491798395467953, "HSG495213": 121.57000000000001, "RHI825214": 52.490000000000002, "AFN120207": 1.4226126148576423, "RHI225214": 1.49, "MAN450207": 8.2375219038478846, "RTN131207": 11823.299999999999, "BZA115213": 0.19000000000000003, "INC110213": 44.1935, "BPS030214": 1.7033482968444913, "RHI725214": 3.29, "SBO015207": 24.889999999999997, "RHI325214": 0.39000000000000007, "AGE295214": 20.489999999999998, "WTN220207": 6.5971171990401638, "HSG445213": 61.920000000000002, "SBO515207": 0.0, "SEX255214": 49.700000000000003, "HSG010214": 0.40494597575691799}, "names": {"SBO415207": "Hispanic-owned firms, percent, 2007", "RHI425214": "Asian alone, percent, 2014", "SBO115207": "American Indian- and Alaska Native-owned firms, percent, 2007", "RHI125214": "White alone, percent, 2014", "VET605213": "Veterans, percent, 2009-2013", "per_dem": "Votes for Democrats, percent, 2016", "AGE135214": "Persons under 5 years, percent, 2014", "EDU635213": "High school graduate or higher, percent of persons age 25+, 2009-2013", "HSD310213": "Persons per household, 2009-2013", "POP645213": "Foreign born persons, percent, 2009-2013", "RHI625214": "Two or More Races, percent, 2014", "per_gop": "Votes for GOP, percent, 2016", "RTN130207": "Retail sales per capita, 2007 ($1,000)", "SBO001207": "Total number of firms per capita, 2007", "EDU685213": "Bachelor's degree or higher, percent of persons age 25+, 2009-2013", "PST120214": "Population, percent change - April 1, 2010 to July 1, 2014", "POP715213": "Living in same house 1 year & over, percent, 2009-2013", "total_votes": "Total votes", "PST045214": "Population, 2014 estimate", "HSD410213": "Households, 2009-2013", "POP010210": "Population, 2010", "HSG096213": "Housing units in multi-unit structures, percent, 2009-2013", "SBO315207": "Black-owned firms, percent, 2007", "POP060210": "Population per square mile, 2010", "POP815213": "Language other than English spoken at home, pct age 5+, 2009-2013", "INC910213": "Per capita money income in past 12 months, 2009-2013 ($1,000, 2013 dollars)", "SBO215207": "Asian-owned firms, percent, 2007", "BZA010213": "Private nonfarm establishments per capita, 2013", "BZA110213": "Private nonfarm employment per capita,  2013", "PVY020213": "Persons below poverty level, percent, 2009-2013", "LFE305213": "Mean travel time to work (minutes), workers age 16+, 2009-2013", "RHI525214": "Native Hawaiian and Other Pacific Islander alone, percent, 2014", "AGE775214": "Persons 65 years and over, percent, 2014", "NES010213": "Nonemployer establishments per capita, 2013", "LND110210": "Land area in square miles, 2010", "PST040210": "Population, 2010 (April 1) estimates base", "HSG495213": "Median value of owner-occupied housing units, 2009-2013 ($1,000)", "RHI825214": "White alone, not Hispanic or Latino, percent, 2014", "AFN120207": "Accommodation and food services sales per capita, 2007 ($1,000)", "RHI225214": "Black or African American alone, percent, 2014", "MAN450207": "Manufacturers shipments per capita, 2007 ($1,000)", "RTN131207": "Retail sales per capita, 2007", "BZA115213": "Private nonfarm employment, percent change, 2012-2013", "INC110213": "Median household income, 2009-2013 ($1,000)", "BPS030214": "Building permits per 1000 people, 2014", "RHI725214": "Hispanic or Latino, percent, 2014", "SBO015207": "Women-owned firms, percent, 2007", "RHI325214": "American Indian and Alaska Native alone, percent, 2014", "AGE295214": "Persons under 18 years, percent, 2014", "WTN220207": "Merchant wholesaler sales per capita, 2007 ($1,000)", "HSG445213": "Homeownership rate, 2009-2013", "SBO515207": "Native Hawaiian- and Other Pacific Islander-owned firms, percent, 2007", "SEX255214": "Female persons, percent, 2014", "HSG010214": "Housing units per capita, 2014"}}, "counties": {"maxs": {"SBO415207": 3.6000000000000001, "RHI425214": 3.0, "SBO115207": 0.69999999999999996, "RHI125214": 97.400000000000006, "VET605213": 0.10887759596892894, "per_dem": 53.613434661399992, "AGE135214": 7.2999999999999998, "EDU635213": 92.200000000000003, "HSD310213": 2.8100000000000001, "POP645213": 10.6, "RHI625214": 3.0, "per_gop": 80.864412687299989, "RTN130207": 15.350448182812423, "SBO001207": 0.11913833528722158, "EDU685213": 31.699999999999999, "PST120214": 5.2999999999999998, "POP715213": 91.299999999999997, "total_votes": 99208.0, "PST045214": 203361.0, "HSD410213": 0.43339548977332321, "POP010210": 1.0363845270011489, "HSG096213": 24.300000000000001, "SBO315207": 7.5999999999999996, "POP060210": 378.19999999999999, "POP815213": 21.800000000000001, "INC910213": 30.218, "SBO215207": 2.6000000000000001, "BZA010213": 0.033375156838143037, "BZA110213": 0.41919112549110238, "PVY020213": 25.199999999999999, "LFE305213": 30.100000000000001, "RHI525214": 0.20000000000000001, "AGE775214": 23.5, "NES010213": 0.091668179342893452, "LND110210": 0.24007457121551082, "PST040210": 1.0363769174579986, "HSG495213": 215.19999999999999, "RHI825214": 95.700000000000003, "AFN120207": 2.1979369372066491, "RHI225214": 30.300000000000001, "MAN450207": 30.366941238728025, "RTN131207": 16179.0,