{"states": {"maxs": {"SBO415207": 0.099800000000000014, "RHI425214": 0.082099999999999992, "VET605213": 0.086260884326887444, "per_dem": 0.58982681094840839, "AGE135214": 0.069100000000000009, "EDU635213": 0.91420000000000012, "HSD310213": 2.714, "POP645213": 0.18020000000000003, "RHI625214": 0.037300000000000014, "per_gop": 0.62611682991627449, "SBO001207": 0.102434218800671, "EDU685213": 0.35260000000000002, "PST120214": 0.053500000000000006, "POP715213": 0.86920000000000008, "total_votes": 5433862.7000000011, "NES010213": 0.082161411885668376, "HSG096213": 0.34560000000000002, "SBO315207": 0.12370000000000005, "POP060210": 474.20000000000016, "POP815213": 0.29359999999999997, "INC910213": 33169.900000000001, "BZA010213": 0.030289657973874388, "BZA110213": 0.4190274904643092, "PVY020213": 0.18620000000000003, "LFE305213": 27.73, "AGE775214": 0.16699999999999998, "HSG495213": 288650.0, "RHI825214": 0.86739999999999995, "AFN120207": 2.3689932073920685, "RHI225214": 0.2681, "MAN450207": 27.032904386690319, "RTN131207": 15403.0, "BZA115213": 0.033000000000000002, "INC110213": 66919.600000000006, "BPS030214": 0.0055363020806991833, "RHI725214": 0.24470000000000008, "SBO015207": 0.30409999999999998, "AGE295214": 0.24809999999999999, "WTN220207": 15.979184099889212, "HSG445213": 0.71830000000000005, "SEX255214": 0.51500000000000001, "HSG010214": 0.46786510666026293}, "mins": {"SBO415207": 0.0079000000000000008, "RHI425214": 0.012900000000000002, "VET605213": 0.05676432922504681, "per_dem": 0.28820600933035195, "AGE135214": 0.053900000000000003, "EDU635213": 0.83089999999999997, "HSD310213": 2.4290000000000003, "POP645213": 0.032500000000000001, "RHI625214": 0.016, "per_gop": 0.37258238057440435, "SBO001207": 0.075385266489444686, "EDU685213": 0.22339999999999999, "PST120214": 0.0039000000000000007, "POP715213": 0.81979999999999986, "total_votes": 422947.20000000007, "NES010213": 0.060612034972220855, "HSG096213": 0.1565, "SBO315207": 0.002, "POP060210": 16.370000000000001, "POP815213": 0.052000000000000005, "INC910213": 23658.199999999997, "BZA010213": 0.020305401846913585, "BZA110213": 0.32714130357899557, "PVY020213": 0.11119999999999999, "LFE305213": 18.750000000000004, "AGE775214": 0.1288, "HSG495213": 121570.0, "RHI825214": 0.52490000000000003, "AFN120207": 1.4226126148576423, "RHI225214": 0.0149, "MAN450207": 8.2375219038478846, "RTN131207": 11823.299999999999, "BZA115213": 0.0019000000000000004, "INC110213": 44193.5, "BPS030214": 0.0017033482968444916, "RHI725214": 0.032900000000000006, "SBO015207": 0.24889999999999998, "AGE295214": 0.20489999999999997, "WTN220207": 6.5971171990401638, "HSG445213": 0.61919999999999997, "SEX255214": 0.497, "HSG010214": 0.40494597575691799}, "names": {"SBO415207": "Hispanic-owned firms, percent, 2007", "RHI425214": "Asian alone, percent, 2014", "VET605213": "Veterans, 2009-2013", "per_dem": "Votes for Democrats", "AGE135214": "Persons under 5 years, percent, 2014", "EDU635213": "High school graduate or higher, percent of persons age 25+, 2009-2013", "HSD310213": "Persons per household, 2009-2013", "POP645213": "Foreign born persons, percent, 2009-2013", "RHI625214": "Two or More Races, percent, 2014", "per_gop": "Votes for GOP", "SBO001207": "Total number of firms, 2007", "EDU685213": "Bachelor's degree or higher, percent of persons age 25+, 2009-2013", "PST120214": "Population, percent change - April 1, 2010 to July 1, 2014", "POP715213": "Living in same house 1 year & over, percent, 2009-2013", "total_votes": "Total votes", "NES010213": "Nonemployer establishments, 2013", "HSG096213": "Housing units in multi-unit structures, percent, 2009-2013", "SBO315207": "Black-owned firms, percent, 2007", "POP060210": "Population per square mile, 2010", "POP815213": "Language other than English spoken at home, pct age 5+, 2009-2013", "INC910213": "Per capita money income in past 12 months (2013 dollars), 2009-2013", "BZA010213": "Private nonfarm establishments, 2013", "BZA110213": "Private nonfarm employment,  2013", "PVY020213": "Persons below poverty level, percent, 2009-2013", "LFE305213": "Mean travel time to work (minutes), workers age 16+, 2009-2013", "AGE775214": "Persons 65 years and over, percent, 2014", "HSG495213": "Median value of owner-occupied housing units, 2009-2013", "RHI825214": "White alone, not Hispanic or Latino, percent, 2014", "AFN120207": "Accommodation and food services sales, 2007 ($1,000)", "RHI225214": "Black or African American alone, percent, 2014", "MAN450207": "Manufacturers shipments, 2007 ($1,000)", "RTN131207": "Retail sales per capita, 2007", "BZA115213": "Private nonfarm employment, percent change, 2012-2013", "INC110213": "Median household income, 2009-2013", "BPS030214": "Building permits, 2014", "RHI725214": "Hispanic or Latino, percent, 2014", "SBO015207": "Women-owned firms, percent, 2007", "AGE295214": "Persons under 18 years, percent, 2014", "WTN220207": "Merchant wholesaler sales, 2007 ($1,000)", "HSG445213": "Homeownership rate, 2009-2013", "SEX255214": "Female persons, percent, 2014", "HSG010214": "Housing units, 2014"}}, "counties": {"maxs": {"SBO415207": 0.036000000000000004, "RHI425214": 0.028999999999999998, "VET605213": 0.10875379216728363, "per_dem": 0.53668737187040005, "AGE135214": 0.073000000000000009, "EDU635213": 0.92099999999999993, "HSD310213": 2.8100000000000001, "POP645213": 0.106, "RHI625214": 0.02990000000000009, "per_gop": 0.80906986895869992, "SBO001207": 0.11825835623955293, "EDU685213": 0.31699999999999995, "PST120214": 0.052999999999999999, "POP715213": 0.91299999999999992, "total_votes": 91777.200000000012, "NES010213": 0.090925965053214861, "HSG096213": 0.24190000000000009, "SBO315207": 0.075999999999999998, "POP060210": 382.28000000000003, "POP815213": 0.21490000000000009, "INC910213": 30039.900000000001, "BZA010213": 0.032984749498306071, "BZA110213": 0.41921836386734279, "PVY020213": 0.252, "LFE305213": 30.100000000000001, "AGE775214": 0.23600000000000002, "HSG495213": 213190.0, "RHI825214": 0.95700000000000007, "AFN120207": 2.1538029859759162, "RHI225214": 0.30390000000000011, "MAN450207": 30.350797409498877, "RTN131207": 16175.300000000003, "BZA115213": 0.057999999999999996, "INC110213": 59491.0, "BPS030214": 0.0050516460915243765, "RHI725214": 0.22990000000000008, "SBO015207": 0.309, "AGE295214": 0.26400000000000001, "WTN220207": 15.861722189847168, "HSG445213": 0.80700000000000005, "SEX255214": 0.51700000000000002, "HSG010214": 0.59899891026424823}, "mins": {"SBO415207": 0.0, "RHI425214": 0.0030000000000000001, "VET605213": 0.055658165876604437, "per_dem": 0.15024737164829999, "AGE135214": 0.044999999999999998, "EDU635213": 0.75099999999999989, "HSD310213": 2.2599999999999998, "POP645213": 0.0069999999999999993, "RHI625214": 0.0090000000000000011, "per_gop": 0.41376037773660002, "SBO001207": 0.054185690151914108, "EDU685213": 0.111, "PST120214": -0.035000000000000003, "POP715213": 0.81000000000000005, "total_votes": 2229.1000000000004, "NES010213": 0.04889840727195633, "HSG096213": 0.040000000000000001, "SBO315207": 0.0, "POP060210": 4.4000000000000004, "POP815213": 0.018000000000000002, "INC910213": 17717.799999999999, "BZA010213": 0.013683597920561306, "BZA110213": 0.12775441573060575, "PVY020213": 0.090999999999999998, "LFE305213": 16.5, "AGE775214": 0.12300000000000001, "HSG495213": 70000.0, "RHI825214": 0.47499999999999998, "AFN120207": 0.13509261381188473, "RHI225214": 0.0040000000000000001, "MAN450207": 0.0, "RTN131207": 4481.3000000000002, "BZA115213": -0.048000000000000001, "INC110213": 33298.300000000003, "BPS030214": 0.0, "RHI725214": 0.013000000000000001, "SBO015207": 0.0, "AGE295214": 0.187, "WTN220207": 0.0, "HSG445213": 0.624, "SEX255214": 0.47899999999999998, "HSG010214": 0.38888299518155839}, "names": {"SBO415207": "Hispanic-owned firms, percent, 2007", "RHI425214": "Asian alone, percent, 2014", "VET605213": "Veterans, 2009-2013", "per_dem": "Votes for Democrats", "AGE135214": "Persons under 5 years, percent, 2014",