{"states": {"maxs": {"SBO415207": 9.9800000000000004, "RHI425214": 8.2099999999999991, "VET605213": 0.086260884326887444, "per_dem": 0.58982681094840839, "AGE135214": 6.9100000000000001, "EDU635213": 91.420000000000002, "HSD310213": 2.714, "POP645213": 18.020000000000003, "RHI625214": 3.7300000000000004, "per_gop": 0.62611682991627449, "SBO001207": 0.102434218800671, "EDU685213": 35.260000000000005, "PST120214": 5.3500000000000005, "POP715213": 86.920000000000002, "total_votes": 5433862.7000000011, "NES010213": 0.082161411885668376, "HSG096213": 34.560000000000002, "SBO315207": 12.370000000000005, "POP060210": 474.20000000000016, "POP815213": 29.359999999999999, "INC910213": 33169.900000000001, "BZA010213": 0.030289657973874388, "BZA110213": 0.4190274904643092, "PVY020213": 18.620000000000001, "LFE305213": 27.73, "AGE775214": 16.699999999999999, "HSG495213": 288650.0, "RHI825214": 86.739999999999995, "AFN120207": 2.3689932073920685, "RHI225214": 26.810000000000002, "MAN450207": 27.032904386690319, "RTN131207": 15403.0, "BZA115213": 3.2999999999999998, "INC110213": 66919.600000000006, "BPS030214": 0.0055363020806991833, "RHI725214": 24.470000000000006, "SBO015207": 30.41, "AGE295214": 24.809999999999999, "WTN220207": 15.979184099889212, "HSG445213": 71.829999999999998, "SEX255214": 51.5, "HSG010214": 0.46786510666026293}, "mins": {"SBO415207": 0.79000000000000004, "RHI425214": 1.2900000000000003, "VET605213": 0.05676432922504681, "per_dem": 0.28820600933035195, "AGE135214": 5.3900000000000006, "EDU635213": 83.089999999999989, "HSD310213": 2.4290000000000003, "POP645213": 3.25, "RHI625214": 1.6000000000000001, "per_gop": 0.37258238057440435, "SBO001207": 0.075385266489444686, "EDU685213": 22.34, "PST120214": 0.39000000000000007, "POP715213": 81.97999999999999, "total_votes": 422947.20000000007, "NES010213": 0.060612034972220855, "HSG096213": 15.649999999999999, "SBO315207": 0.20000000000000001, "POP060210": 16.370000000000001, "POP815213": 5.2000000000000002, "INC910213": 23658.199999999997, "BZA010213": 0.020305401846913585, "BZA110213": 0.32714130357899557, "PVY020213": 11.119999999999999, "LFE305213": 18.750000000000004, "AGE775214": 12.880000000000001, "HSG495213": 121570.0, "RHI825214": 52.490000000000002, "AFN120207": 1.4226126148576423, "RHI225214": 1.49, "MAN450207": 8.2375219038478846, "RTN131207": 11823.299999999999, "BZA115213": 0.19000000000000003, "INC110213": 44193.5, "BPS030214": 0.0017033482968444916, "RHI725214": 3.29, "SBO015207": 24.889999999999997, "AGE295214": 20.489999999999998, "WTN220207": 6.5971171990401638, "HSG445213": 61.920000000000002, "SEX255214": 49.700000000000003, "HSG010214": 0.40494597575691799}, "names": {"SBO415207": "Hispanic-owned firms, percent, 2007", "RHI425214": "Asian alone, percent, 2014", "VET605213": "Veterans,percent, 2009-2013", "per_dem": "Votes for Democrats, percent, 2016", "AGE135214": "Persons under 5 years, percent, 2014", "EDU635213": "High school graduate or higher, percent of persons age 25+, 2009-2013", "HSD310213": "Persons per household, 2009-2013", "POP645213": "Foreign born persons, percent, 2009-2013", "RHI625214": "Two or More Races, percent, 2014", "per_gop": "Votes for GOP, percent, 2016", "SBO001207": "Total number of firms per capita, 2007", "EDU685213": "Bachelor's degree or higher, percent of persons age 25+, 2009-2013", "PST120214": "Population, percent change - April 1, 2010 to July 1, 2014", "POP715213": "Living in same house 1 year & over, percent, 2009-2013", "total_votes": "Total votes", "NES010213": "Nonemployer establishments per capita, 2013", "HSG096213": "Housing units in multi-unit structures, percent, 2009-2013", "SBO315207": "Black-owned firms, percent, 2007", "POP060210": "Population per square mile, 2010", "POP815213": "Language other than English spoken at home, pct age 5+, 2009-2013", "INC910213": "Per capita money income in past 12 months (2013 dollars), 2009-2013", "BZA010213": "Private nonfarm establishments per capita, 2013", "BZA110213": "Private nonfarm employment per capita,  2013", "PVY020213": "Persons below poverty level, percent, 2009-2013", "LFE305213": "Mean travel time to work (minutes), workers age 16+, 2009-2013", "AGE775214": "Persons 65 years and over, percent, 2014", "HSG495213": "Median value of owner-occupied housing units, 2009-2013", "RHI825214": "White alone, not Hispanic or Latino, percent, 2014", "AFN120207": "Accommodation and food services sales per capita, 2007 ($1,000)", "RHI225214": "Black or African American alone, percent, 2014", "MAN450207": "Manufacturers shipments per capita, 2007 ($1,000)", "RTN131207": "Retail sales per capita, 2007", "BZA115213": "Private nonfarm employment, percent change, 2012-2013", "INC110213": "Median household income, 2009-2013", "BPS030214": "Building permits per capita, 2014", "RHI725214": "Hispanic or Latino, percent, 2014", "SBO015207": "Women-owned firms, percent, 2007", "AGE295214": "Persons under 18 years, percent, 2014", "WTN220207": "Merchant wholesaler sales per capita, 2007 ($1,000)", "HSG445213": "Homeownership rate, 2009-2013", "SEX255214": "Female persons, percent, 2014", "HSG010214": "Housing units per capita, 2014"}}, "counties": {"maxs": {"SBO415207": 3.6000000000000001, "RHI425214": 2.8999999999999999, "VET605213": 0.10875198281784888, "per_dem": 0.53702794501800011, "AGE135214": 7.2999999999999998, "EDU635213": 92.099999999999994, "HSD310213": 2.8100000000000005, "POP645213": 10.6, "RHI625214": 2.9800000000000182, "per_gop": 0.80906631694940001, "SBO001207": 0.11823071347561807, "EDU685213": 31.699999999999999, "PST120214": 5.2999999999999998, "POP715213": 91.299999999999997, "total_votes": 91750.400000000052, "NES010213": 0.090924090148312195, "HSG096213": 24.180000000000017, "SBO315207": 7.5999999999999996, "POP060210": 382.26000000000005, "POP815213": 21.5, "INC910213": 30039.799999999999, "BZA010213": 0.032981579813108709, "BZA110213": 0.41921533738109384, "PVY020213": 25.199999999999999, "LFE305213": 30.100000000000001, "AGE775214": 23.600000000000001, "HSG495213": 213180.0, "RHI825214": 95.700000000000003, "AFN120207": 2.1537288431037203, "RHI225214": 30.380000000000017, "MAN450207": 30.334653580269734, "RTN131207": 16171.600000000008, "BZA115213": 5.7999999999999998, "INC110213": 59490.0, "BPS030214": 0.0050516095841523518, "RHI725214": 22.980000000000018, "SBO015207": 30.899999999999999, "AGE295214": 26.399999999999999, "WTN220207": 15.860490814194783, "HSG445213": 80.700000000000003, "SEX255214": 51.700000000000003, "HSG010214": 0.59893395799964277}, "mins": {"SBO415207": 0.0, "RHI425214": 0.29999999999999999, "VET605213": 0.055647529846628518, "per_dem": 0.15025309589159999, "AGE135214": 4.5, "EDU635213": 75.099999999999994, "HSD310213": 2.2599999999999998, "POP645213": 0.69999999999999996, "RHI625214": 0.90000000000000002, "per_gop": 0.41269153380500007, "SBO001207": 0.054150111368596307, "EDU685213": 11.1, "PST120214": -3.5, "POP715213": 81.0, "total_votes": 2229.1999999999998, "NES010213": 0.048895181217169036, "HSG096213": 4.0, "SBO315207": 0.0, "POP060210": 4.4000000000000004, "POP815213": 1.8, "INC910213": 17708.0, "BZA010213": 0.013674224442854394, "BZA110213": 0.12779627365260246, "PVY020213": 9.0999999999999996, "LFE305213": 16.5, "AGE775214": 12.300000000000001, "HSG495213": 70000.0, "RHI825214": 47.420000000000002, "AFN120207": 0.13510413453334508, "RHI225214": 0.40000000000000002, "MAN450207": 0.0, "RTN131207": 4475.4000000000005, "BZA115213": -4.7999999999999998, "INC110213": 33265.200000000004, "BPS030214": 0.0, "RHI725214": 1.3, "SBO015207": 0.0, "AGE295214": 18.699999999999999, "WTN220207": 0.0, "HSG445213": 62.399999999999999, "SEX255214": 47.899999999999999, "HSG010214": 0.38881175210028257}, "names": {"SBO415207": "Hispanic-owned firms, percent, 2007", "RHI425214": "Asian alone, percent, 2014", "VET605213": "Veterans,percent, 2009-2013", "per_dem": "Votes for Democrats, percent, 2016", "AGE135214": "Persons under 5 years, percent, 2014",